{"cameraMode":{"drawMode":0,"name":"Shaded","section":"Shading Mode"},"sceneLighting":true,"audioPlay":false,"sceneViewState":{"m_AlwaysRefresh":false,"showFog":true,"showSkybox":true,"showFlares":true,"showImageEffects":true,"showParticleSystems":true,"showVisualEffectGraphs":true,"m_FxEnabled":true},"in2DMode":false,"pivot":{"x":-12.570813179016114,"y":3.3076062202453615,"z":-12.891481399536133},"rotation":{"x":0.04970289021730423,"y":0.6700434684753418,"z":-0.044713884592056277,"w":0.7394383549690247},"size":3.081118583679199,"orthographic":false}