{"cameraMode":{"drawMode":0,"name":"Shaded","section":"Shading Mode"},"sceneLighting":true,"audioPlay":false,"sceneViewState":{"m_AlwaysRefresh":false,"showFog":true,"showSkybox":true,"showFlares":true,"showImageEffects":true,"showParticleSystems":true,"showVisualEffectGraphs":true,"m_FxEnabled":true},"in2DMode":false,"pivot":{"x":10.460314750671387,"y":-0.0886373519897461,"z":-12.096750259399414},"rotation":{"x":0.07317299395799637,"y":0.828732967376709,"z":-0.11155574023723602,"w":0.5435351133346558},"size":12.364879608154297,"orthographic":false}